8.380943861642503601e-01,-1.125416376186523654e-01
6.957159269459800566e-01,-4.109241155376329169e-01
6.772471032776008482e-01,-3.301752332202749773e-01
8.022910781532357483e-01,1.213652637604481360e-01
7.179159284324403423e-01,-5.252013212703038336e-01
8.338199442920387616e-01,-4.282826600234007630e-01
8.523036180049214927e-01,1.449822090171402345e-01
8.851690096943668484e-01,1.006748436428308302e-01
8.682562287328351447e-01,5.722560251553475696e-01
8.035194854923155550e-01,4.809005022959296216e-01
8.237826193811400577e-01,-1.362983981608734407e-01
1.000000000000000000e+00,1.645434073952360687e-01
6.698905892169685350e-01,5.686291140532447885e-01
8.143723549842323273e-01,7.046525463051341864e-01
7.817873211933841215e-01,-5.479443801421841620e-01
7.225100830906826532e-01,1.610946452187951572e-01
6.291706523067915890e-01,2.395033745192730410e-03
6.508701390574401779e-01,6.817084616046094059e-01
8.115468285752025501e-01,3.381387944248369082e-01
7.299227016318319272e-01,5.426665864488865454e-01
5.712469502998785975e-01,-1.765857336502343888e-01
8.614913750273524018e-01,-5.404094391075134896e-01
8.333856802349955961e-01,8.096659586376803164e-01
7.691351519190443575e-01,-6.915353131711446388e-02
7.272050066987155725e-01,-1.077222116824670117e-01
7.841263516597920535e-01,6.019961095241754129e-02
7.278218257434282412e-01,-5.278071998764156669e-01
8.563473798329442888e-01,-3.711496598855296702e-01
5.716480764417400939e-01,-7.236379217326146529e-01
8.403017474723448732e-01,4.085008678148302486e-01
7.488295389987841277e-01,-4.190791200644888859e-01
7.296447825281976440e-01,7.691124388945511647e-01
7.234247455161839646e-01,-2.923598108837563991e-01
5.439074991973731343e-01,-3.349604328090815542e-01
4.175855490049064644e-01,-1.699890313130034691e-01
4.751963216930525369e-01,-1.738453664903599483e-01
4.024436285871744179e-01,5.534457867707487377e-01
6.039044276166753988e-01,-7.496233836147413454e-01
7.361861304958162711e-01,7.580686976524206311e-02
6.015853965162237804e-01,-1.623883111407826152e-01
6.405705293376831033e-01,-3.681249839538313640e-01
7.993885541706479136e-01,2.354028742310190769e-01
6.808337469585962198e-01,-2.357257737044559376e-01
6.629393984988324329e-01,-1.725277480394670762e-03
8.669900312259366526e-01,3.219166678622401023e-01
7.362540308527790733e-01,5.114512534251304254e-01
7.394694547700525478e-01,5.892740542857509700e-01
8.820298126048344844e-01,4.212258636768466125e-01
6.988360328305535107e-01,-2.930163181347689161e-01
9.685420695473552222e-01,1.330966104867298272e-02
7.993004324903111302e-01,-2.845503112131577139e-01
7.878653582323679183e-01,3.691564276545775680e-01
6.619118263946095482e-01,4.253186845649956638e-01
6.542255763301658700e-01,-6.092616758901102658e-01
7.771717857367946847e-01,1.923462915207787005e-01
9.026534223894491227e-01,5.818675206424928081e-01
9.367812524864306267e-01,2.685026561393652131e-02
8.146373250345951833e-01,2.106930448631710584e-01
8.606022868041789398e-01,5.465706343997360772e-01
8.151206259606315063e-01,9.123926342528482225e-01
7.900156169370080583e-01,4.818624532216828071e-01
7.284644799066050114e-01,-4.452573524383517944e-01
6.286052496761476149e-01,-6.128512658732131468e-01
9.279282465579754557e-01,-2.034877712545770934e-01
7.876507211133753072e-01,1.583484849110210479e-01
7.455927023525086295e-01,-6.956412115235439675e-01
6.581415696681179872e-01,-4.031534958212755204e-01
7.283708769594363641e-01,-3.278574507356499246e-01
8.403180865340549310e-01,-5.693128494561111586e-01
8.028500968810409200e-01,7.359551565930527728e-02
7.979435162119544733e-01,-4.803399057732229416e-01
6.758778849330303595e-01,-1.716377353705017261e-01
6.686206007394944750e-01,-6.182662536137928377e-01
5.948812917229806541e-01,1.486609973458177802e-01
7.283418457381268807e-01,-8.137734615093634993e-02
7.198578032462175091e-01,-7.965580871175324817e-02
6.518391764354872775e-01,-6.536674129512137776e-01
4.724768523480295523e-01,-5.029960748581293606e-01
9.017771686610223103e-01,-2.615691992869702553e-01
5.795583255879083184e-01,7.794804376074291295e-03
7.773808050987299767e-01,5.195796085355054439e-01
8.109052193623925708e-01,-4.852092285333615140e-01
8.991324894436513171e-01,-1.412015098530057244e-01
5.531204263387118347e-01,-2.148087066541306822e-01
6.882238821982917809e-01,-6.540587264995169348e-02
8.442578196656127520e-01,2.465895811124839410e-01
8.690417678360513598e-01,-1.236463860541468229e-01
7.650097320689021041e-01,-5.402700014640633430e-01
9.405906951010585271e-01,3.546115152863753561e-01
6.904692727471181124e-01,7.776336954573759286e-02
7.848403549569578086e-01,3.946892300796486786e-01
7.755857521370432828e-01,4.752261252743473774e-01
6.812304312439511067e-01,9.040275668753487981e-01
6.568281285371702083e-01,-7.097060912912291908e-01
7.987649850016306230e-01,-4.682353469655079481e-01
8.776784167308595563e-01,-4.030604037442303555e-01
7.885277881114510778e-01,-2.918317339284357548e-01
9.425189663099849957e-01,1.644726782464870640e-01
7.500303581146967602e-01,1.010227722750437623e-01
8.512210905031488695e-01,5.924521511514184713e-01
7.561980022412901903e-01,-3.303189391444835699e-02
6.790555492477631239e-01,-3.779836726186344142e-01
4.407541549452056451e-01,-2.678360212569907972e-01
2.173052171117933473e-01,-3.451997000356834544e-01
5.460409847150188289e-01,-3.816580651772965571e-01
6.260937222189673079e-01,-9.503079374885863018e-02
7.491145478327091434e-01,-2.559269347580152027e-03
6.737119887558565834e-01,5.750709215998144330e-01
6.972995818972830273e-01,-1.513245134813755444e-01
4.923642093224145366e-01,-5.668485878793037003e-01
7.446284470892127194e-01,-1.343768652574939826e-01
4.398371107388833745e-01,-6.671115346117035827e-01
8.913790285555226456e-01,4.990072911946854539e-01
9.527415532607984572e-01,1.445484763524407801e-01
8.113671853602711925e-01,4.098769380379822108e-02
8.150459590110752384e-01,3.468700184738039427e-01
7.592168993133370236e-01,-6.672793507126126844e-01
6.295994949819336828e-01,-8.340078565460660176e-01
8.224330968007910192e-01,2.996455595285333340e-01
4.184979056270253239e-01,-4.349442493642188268e-01
7.145040121377711495e-01,-8.275612270308722040e-01
5.505094302465174394e-01,4.778160944596746562e-01
7.063055876989715598e-01,-1.592794566272054957e-01
8.849222884850582727e-01,7.891978004267311553e-01
7.431962196008313759e-01,-6.729431592457888467e-01
8.310015367261489594e-01,-1.286489104842172826e-01
9.091448107639816811e-01,4.512777115359417612e-01
7.607676419497065856e-01,2.390592912999198461e-01
7.976115532576870670e-01,-8.436554666954312887e-02
4.935358302453211055e-01,5.539369267352529658e-01
7.812995486006151236e-01,6.451949920929489490e-01
8.631828064422579772e-01,2.170265722921181639e-01
7.876551571915598737e-01,-5.600765983900393014e-02
9.115431623341920808e-01,6.941990394625601191e-01
8.557031544125377476e-01,5.850368579127811497e-01
8.688953381470236881e-01,2.583679948664653891e-01
8.099571976802611983e-01,9.213563434687477294e-01
4.391997691033692752e-01,-9.388046808251695463e-01
6.525833020558895470e-01,-1.130570947445569269e-01
6.346666929902426979e-01,-5.886858880815278861e-01
7.497111442320806285e-01,-1.430089286261229491e-02
6.482119026200720002e-01,-1.700565686078896188e-01
7.844283304577057692e-01,-4.091059107986345089e-01
8.349339393765276007e-01,-3.316051183171246364e-01
5.104515131330999989e-01,-6.171723463877346605e-01
5.465965433543074070e-01,3.466347469355979261e-01
7.253311199677752175e-01,-4.679492215049161907e-01
7.133087875240696762e-01,-8.852090077572664084e-01
6.262906659603566517e-01,9.028152018964217262e-01
7.563679175245408004e-01,1.765955717403838721e-01
8.272727802547195086e-01,1.989184043953687031e-01
7.476139696167855009e-01,3.689411137947400943e-01
8.548505629046756482e-01,5.631757303680001714e-02
7.860212409970339653e-01,5.100689300545400151e-01
6.763921824927348059e-01,-7.259631044178627146e-01
8.173257244161270529e-01,5.345075272459518523e-01
7.530717398584266808e-01,2.623268695497351088e-01
5.341489960013001692e-01,-6.764282042170775000e-01
6.923309956209732219e-01,-5.013988882050348650e-01
7.798518109953054278e-01,5.271544352731081240e-01
7.924668667103547115e-01,-8.714013573583694328e-01
7.174733244454805092e-01,2.059034145072329847e-01
8.165432371135116218e-01,-2.477286434773405266e-01
8.247800640172040509e-01,-3.209882386275846322e-01
9.118416990174931236e-01,2.618059460079288359e-01
9.111271142534815848e-01,-1.944760782164809687e-01
6.782535763390735717e-01,-2.654018682635864712e-01
8.963821119635188017e-01,3.988772930576324760e-01
9.761627506910346419e-01,6.364051693327552051e-02
8.968362780415092272e-01,1.096160486918255628e-01
8.195174129889967185e-01,6.257714197319881322e-01
9.383111771102388143e-01,-3.309989358434509144e-02
8.566642842774176980e-01,-4.357119086662213092e-02
9.474216645831983197e-01,-2.575156809291279658e-01
8.154271451365785461e-01,7.515339015478540441e-01
8.062358338948518721e-01,9.140095626749032698e-02
8.093388680686541825e-01,2.093260111557632697e-01
9.328499446873987910e-01,3.357671881743941600e-01
8.089859374092692734e-01,1.000000000000000000e+00
8.653469664677646556e-01,5.782061294163142184e-01
8.826526441087194641e-01,-2.710162924553585762e-01
8.649568975086445732e-01,4.290714403921367937e-01
8.947569158555512825e-01,2.642975066092753123e-01
6.794492249637572590e-01,1.727633067660767630e-01
8.368026901172576082e-01,4.882959030871300565e-01
8.420218156817679267e-01,-3.209613120175516254e-01
9.038034289776141206e-01,4.134616839994389448e-01
8.205854506141299076e-01,3.367600084314690267e-01
8.683427664401175416e-01,9.826667980872898223e-02
9.335681301292870771e-01,-4.982462487477429258e-02
9.303152931583827945e-01,1.914084876409637148e-01
8.115933591979866968e-01,6.523205286423465754e-01
8.556562123537618803e-01,7.032494908666721278e-02
8.692377929566279526e-01,6.464719785881380132e-02
8.455018575116906021e-01,-9.325654306598800403e-02
8.627791637079159637e-01,-1.882554553733342961e-01
8.932211819948022713e-01,4.694537641154548080e-01
8.715674872201129020e-01,2.945228144922241720e-01
8.764159489942785486e-01,1.561819489898382263e-01
8.404337194747105722e-01,2.489334148832906823e-01
7.263489699286623802e-01,2.237300732247340385e-01
8.324625841510560065e-01,-2.258381730996461556e-01
8.191889843468724841e-01,2.654772074030796736e-01
8.359750815377046118e-01,-4.482532395940143077e-01
8.737384647025364659e-01,1.942195880929898089e-01
7.176000347476584329e-01,2.072481087837515223e-01
8.131816965560186850e-01,3.708410965861030917e-01
8.919537549858107539e-01,4.785194988689007306e-02
8.187030298131593442e-01,7.371128852078271398e-01
8.481201731748687633e-01,-4.839834771355748799e-01
8.650323853767047932e-01,2.083827688089315566e-01
6.943053346529056702e-01,5.280176952896546982e-01
8.872084781973784695e-01,3.048261784877548952e-01
7.486488896358532985e-01,4.148821952806166502e-01
8.250034100923248070e-01,-3.860721999580599695e-01
8.386464447197210514e-01,-2.755555977898964670e-01
7.194733993106892100e-01,-3.658440132060721273e-01
7.086957907181876681e-01,-3.198728920342043813e-01
6.367351850008099445e-01,-1.593468852727957241e-01
6.619330083427497069e-01,-7.433921754312430297e-01
7.675720212724889135e-01,6.398089503488528784e-01
7.608793020669119000e-01,-3.730003160758317837e-01
8.934399883739241321e-01,1.996012226389926869e-01
8.575092483250320585e-01,3.064241477301692940e-01
5.708872148041804762e-01,-5.373302310631713485e-01
6.833368228013673162e-01,-5.513530664074330900e-01
7.194366184863592029e-01,-3.107144017347029941e-01
8.121674355129662182e-01,-1.176473424975590237e-01
6.933893892978447715e-01,-3.132453229659149518e-01
7.223830233161837588e-01,-3.920233305276334956e-01
6.007700094753173348e-01,-9.389339940567696663e-02
7.239425277620260557e-01,-4.433185156243140690e-01
6.866706303951455315e-01,-4.274103303218961813e-01
8.077978460822908824e-01,8.695550428407171351e-02
6.708321220671191742e-01,2.030261901325171869e-01
7.749418722357389600e-01,1.152582904994011725e-01
7.834028581720262618e-01,-4.951638679645042340e-01
8.035145225089938004e-01,5.802205105535788165e-01
7.507114853754264239e-01,-4.378696518676741811e-01
5.701121440140130003e-01,2.860703421860163465e-01
7.903044943155730362e-01,-5.970530002737706177e-01
8.907772145653880536e-01,3.940730977113892641e-01
4.550131205216261798e-01,-9.130020049190232800e-01
6.129885066390025061e-01,1.059312298496463689e-01
6.700561487235235925e-01,-4.204060802224768856e-01
8.330674156107295003e-01,2.583355570763576359e-01
3.137404662244193676e-01,-1.785190441146212448e-01
8.357199509900467005e-01,1.378980935232709815e-01
6.955995212413320639e-01,1.937105873718155957e-01
6.681729376683880339e-01,-2.262932329800931147e-02
8.956786316848331930e-01,1.344340655347763258e-01
6.260659463865697605e-01,-4.778851293426553681e-01
7.439190389521589397e-01,1.031923287792021193e-01
5.143246448206053589e-01,-4.938705107067016264e-01
6.944117644232250530e-01,-5.420685451767506269e-01
8.205036480576058944e-01,2.913825610695682244e-01
8.250962669819167372e-01,-3.588277828747432063e-01
8.019462841808745468e-01,-2.383464176207013563e-01
6.246812853430824264e-01,-5.179501866128918275e-01
5.519824763424902025e-01,8.741770968576820233e-02
5.502472847220447605e-01,-4.273044016987018745e-01
8.494256556768046140e-01,5.036021308205224090e-01
4.470224488181643308e-01,3.097653094761426140e-01
6.168490026527603254e-01,-1.855831237388929911e-01
8.542080129373998965e-01,-6.676278087982988607e-01
5.355880490306199615e-01,-2.591110599949439930e-01
7.283689644389154116e-01,-4.934290257298009630e-01
8.167701948598394823e-01,2.479612744394983914e-01
8.090616995615198537e-01,3.425325791049864121e-01
8.189217937013929527e-01,-2.573635761198698191e-01
6.750790320755537532e-01,-6.941557783245197455e-02
9.407390162627938812e-01,-1.271428188654994962e-01
7.407359790841874236e-01,4.856926793385110686e-02
7.475177698429938955e-01,-4.046143610457290096e-01
8.973601543919155210e-01,1.551757559322554103e-01
7.810072775217463681e-01,7.216629542000252417e-01
8.262205537755689111e-01,-2.153832747583617202e-01
6.394900737190770679e-01,-7.038526538602404292e-01
8.165182006034983342e-01,-2.590257020016845102e-01
6.637903788298006313e-01,-7.073888717755069111e-01
6.926313230177608693e-01,-5.402935982468686227e-01
7.650909177745371936e-01,-6.371862082281636308e-01
8.364458028305026271e-01,1.352418297692410676e-01
6.940370346846544969e-01,-1.879202409578732691e-01
8.390746823850262492e-01,7.489845279188043214e-01
8.284616519090106657e-01,2.829803084956280818e-03
7.823416090152195412e-01,-1.993602701503856822e-01
7.298866090001686624e-01,-4.515428946569716717e-01
5.906842790197794901e-01,-3.051745792634892318e-01
7.020383793882560841e-01,-4.353933867154392845e-02
7.476248033453027908e-01,-3.432611861801626585e-01
8.077033077786708315e-01,-1.686325904356150707e-01
8.555479518515098913e-01,2.366204406277834793e-01
6.903111660946779082e-01,-7.867750450872866841e-01
7.340616541263941253e-01,-2.254259388425022825e-01
7.166482920112946520e-01,-5.644913485774735035e-02
8.223653471881898769e-01,2.001714849598573986e-01
8.054230153438111106e-01,-2.882731571878815457e-01
6.670890055331749613e-01,3.670568227908137249e-02
7.055551473647075911e-01,-8.431699273753451296e-01
6.934743237903269186e-01,-3.881031609091125656e-01
9.095582176475733860e-01,3.242226334262733323e-01
8.411361825785386159e-01,3.855975849249730358e-01
7.109607685256722487e-01,-2.053585395577555428e-01
7.352627911339939537e-01,5.055428929984617792e-01
8.670578712405470068e-01,3.034915155369279915e-01
7.831106623988804971e-01,-1.449931386850035475e-01
7.030620846546310476e-01,2.578786862529727220e-01
5.892741067650031361e-01,-1.251170300297574367e-01
7.700243019277582812e-01,-3.193080450399927162e-01
7.863335836916766075e-01,1.116897648560770812e-01
6.448033863106635843e-01,-3.943165842793468490e-01
9.211626027465226185e-01,-4.461290602679646167e-01
2.366454031662539870e-01,-1.045017524879607584e-01
8.737127517068469240e-01,8.877092401587052817e-02
9.132844439078010579e-01,-7.359997743754011224e-02
8.629636063636286769e-01,2.152106151607619533e-01
9.896414074681834094e-01,-6.948014276480096729e-02
6.928394751068782664e-01,4.837806850661020008e-01
7.918888569001761857e-01,6.782278552258128590e-01
6.824028738106782122e-01,3.232472610798595714e-01
6.792486746453531010e-01,-6.090693094177276334e-01
6.320038807640183665e-01,-5.675261632226048514e-01
6.111044037908599513e-01,8.101088092594405099e-01
6.195669923630199305e-01,-1.359803923323892050e-01
7.085457238365988619e-01,-6.673117162045789641e-01
7.347535438161915122e-01,3.187750393425154982e-01
7.431439838179167978e-01,-6.642263619970711908e-01
6.259997554018296162e-01,-1.000434194380383085e-01
6.864641820172999731e-01,-2.993948805165914662e-01
7.813698125276881123e-01,2.687866501696652838e-02
7.233202242273850668e-01,-6.208814782297031876e-01
7.556456599576708566e-01,-4.313387792157150069e-01
6.846975624458139231e-01,2.661413620582414596e-01
4.568124740374213122e-01,-5.489481369007267325e-02
6.110014053186306748e-01,1.141206233999030595e-01
7.395337280976842509e-01,3.826439414950998930e-01
5.958335127129451569e-01,-4.421970611716363742e-01
7.300794710154777656e-01,6.171047702895827297e-02
7.719009435317193413e-01,6.703577987665992888e-01
6.226947295026555862e-01,1.032540078616052924e-02
6.340903921493999951e-01,-4.619552681877407974e-01
6.962124218059013714e-01,-1.594304006438943336e-02
8.744696967567575641e-01,-3.146735010290902662e-02
7.118965190049088010e-01,3.615051240981612679e-01
7.344871213009557254e-01,5.242828979298781444e-01
7.131136296515586670e-01,3.465587496747316032e-01
6.540534641822535189e-01,-3.359122986234567287e-01
6.111825255117591116e-01,-6.661535951530153099e-01
6.984389784585411931e-01,-2.358907618615396773e-01
5.306707760091811110e-01,-4.038843187576483529e-01
4.167321638580291365e-01,5.922614710933474802e-01
5.193091383169985420e-01,2.249729971013822716e-01
7.751969432744847399e-01,-3.898560868618110575e-01
6.096669355240709187e-01,-1.342801570552116242e-01
7.117734628155677479e-01,-3.235060409274769788e-01
9.583466741786768051e-01,3.456250062943149737e-01
5.495520367485294821e-01,-2.282506760676121793e-01
8.290227909383642846e-01,-1.015960848266079519e-01
6.797293089764959717e-01,8.592317961224182898e-02
8.011714809399310688e-01,-9.902255697090359132e-02
7.881792464688252009e-01,2.592511391475307292e-01
5.778133061789292313e-01,-4.034871850188662679e-01
5.896783834337354646e-01,1.543882540946950599e-01
6.964307809779015646e-01,-5.706399547999302380e-01
7.080658690091106156e-01,-6.347190841751484403e-01
8.018477942318844587e-01,-1.335745283158676078e-01
3.726900497248681332e-01,-5.670105066791019111e-01
5.417348355538857962e-01,-3.890257996635143600e-01
5.556298008717688308e-01,-6.452194238072742616e-01
6.415054611472618129e-01,3.252434135246302926e-02
7.383904623426325031e-01,3.121581121262861358e-01
5.596269198379114629e-01,-6.684846989887439639e-01
4.612776227455085976e-01,-5.062791342034473896e-01
4.567571804219018872e-01,1.992032538581613166e-01
5.698590849689457727e-01,-3.662127529732463471e-01
3.957492850073365820e-01,-7.549804092940354261e-01
8.281681379190677372e-01,-4.088125471161307978e-01
6.727846595625770476e-01,-3.298486806529128401e-01
6.686900414373599943e-01,-3.668877378118095001e-01
7.048465923452285065e-01,5.975586148514134832e-01
7.350872932789391800e-01,2.580952863125547392e-01
4.741388189402199194e-01,-4.023615296240642403e-01
5.855141060776043460e-01,-3.641218591824195161e-01
7.285591275387168775e-01,-7.523702049912274203e-01
6.302157341705966198e-01,2.347798738981375921e-01
7.778338436604085304e-01,3.064263837768124027e-02
5.084311199930949821e-01,-2.351342013979627610e-01
6.723074581392665117e-01,-2.196485329401484943e-01
6.740421077452708465e-01,5.490216294032316258e-01
5.623985587155007071e-01,-2.568554398598274502e-01
7.451663296828640037e-01,-7.708658579402828392e-01
7.431232936241474185e-01,-4.844716720940256405e-01
7.333734137524930974e-01,-8.495206523172664781e-01
5.289235273401138304e-01,-3.099652356308865153e-01
5.890377806565886276e-01,8.650313173185014692e-01
5.194707628968545654e-01,-6.990599062442781619e-01
4.657409844030961921e-01,-6.268747605734382722e-01
7.239302696641271018e-01,-3.119082168450860171e-01
4.971306371775002786e-01,-4.335182845387895445e-01
5.793587698348059423e-01,1.964674457002153485e-01
6.939886765424890802e-01,-5.642503001909212612e-01
7.395961607919796510e-01,-1.304235754021616511e-01
7.712795425067184851e-01,-3.577933501386100501e-02
7.010340232923605308e-01,-6.409491332132498664e-01
4.465405898988914490e-01,-4.239187228875816449e-01
5.136773840198178842e-01,2.062987748357280118e-02
9.264419458231127891e-01,3.879398891829812235e-01
6.437196459587313235e-01,-6.211337147757944877e-01
7.051170024423586424e-01,-7.855144986780442096e-02
6.057274753366328479e-01,-2.324094800413287198e-01
5.480486289390118504e-01,1.932837767667881512e-01
5.679436054160822422e-01,-2.001780240620865958e-01
7.616212028770648068e-01,4.750159787547365564e-01
6.489733130072040668e-01,-2.769239544641530770e-01
7.813249397055648249e-01,-1.048962725715340411e-01
6.581518456018354835e-01,-4.061069961222390501e-01
7.198716165251263233e-01,-2.370831552977830103e-01
7.893005137687929551e-01,-4.524281152320622917e-02
7.118216403476940179e-01,9.803381282613353453e-02
8.077554760373044651e-01,-5.887440993673372092e-02
6.510813662836218985e-01,3.442470810306529350e-01
8.370091903580846315e-01,-1.675815713085566927e-01
3.139945027120520371e-01,-9.477240223712347922e-02
7.758332070076815468e-01,6.097639338113655105e-01
6.473012619753601982e-01,-1.726916905109379674e-01
9.398434443532455163e-01,2.406794881289293919e-01
7.871036184168613836e-01,7.416943635139749968e-01
8.663102917637569567e-01,1.183179194728121858e-01
8.271722932067281375e-01,1.868352061551300514e-01
7.428541602569037616e-01,-3.496014132937028673e-01
8.280759138346817094e-01,2.941725659856548880e-01
8.393149697248376562e-01,3.749431278557754377e-01
8.420057026836554881e-01,1.459900977903520469e-01
8.272897822832606662e-01,1.426043863536797796e-01
7.613239634652700927e-01,2.176761820728496111e-01
2.332942680173637207e-01,2.015657778732617145e-01
2.830923898808945238e-01,-7.732870421399755390e-02
1.980517289440678341e-01,1.365264112154325193e-01
3.632635588450977560e-01,-1.201690877317380529e-01
5.345357220394827413e-01,-2.817130288522636250e-01
3.304061479679841762e-01,5.609706417416570473e-02
7.915532206851627617e-01,2.806052618389667797e-01
6.158132371827201856e-01,4.265014002132337390e-01
7.921439979103583884e-01,1.270484795981604575e-01
5.665607322822662217e-01,2.107389474699971066e-01
7.355885711108421932e-01,3.560476177810820708e-01
7.818384281941607172e-01,-3.512745608553530241e-01
6.834484941522284140e-01,-2.689979456178282491e-01
5.478655373861320843e-01,-4.810443421306957457e-01
7.336258354574518581e-01,-2.823734622696629226e-01
5.881151606744515759e-01,-4.696028883680771204e-01
4.106133768157296804e-01,-4.202803892911584072e-01
6.580928817448976620e-01,-7.699698354519916021e-01
6.346788625755540592e-01,2.519298843636710514e-02
4.932249735491457954e-01,-3.564676002083979611e-01
3.766517439157553437e-01,-4.856759154960285652e-01
7.174412938738257139e-01,3.968546853364332549e-02
8.417019686292659397e-01,-2.111865183924429290e-01
6.719800881510945567e-01,-7.746588427119881215e-02
7.514813097347835535e-01,3.712296518405207579e-01
7.714222454700846443e-01,3.368831467791553180e-01
8.224212288073651234e-01,5.127104704807293745e-01
7.877423548733640812e-01,2.844832937640375814e-01
6.944568358106082417e-01,-4.480149941827999416e-01
8.356574563116873078e-01,4.942291587670349928e-02
8.243964690765840375e-01,1.131942657807475938e-01
6.853126636148905160e-01,-6.305228983002577614e-01
8.174856329021891188e-01,4.772685898848955666e-01
8.102778372710988108e-01,-3.118082954238492466e-01
7.867314308188927408e-01,-2.960500338317061386e-01
6.064871198763618354e-01,-6.322176114427356941e-01
6.416103993429511654e-01,4.671642127498775721e-01
8.781130352056303323e-01,7.813666143872132208e-01
7.913160099248661705e-01,8.084558780027174540e-01
5.821660946427731353e-01,-5.913679082595901804e-01
6.684881231510224620e-01,1.349085270485560761e-01
8.571489849826832153e-01,3.543472270245700551e-01
8.726777379477818064e-01,4.491715953243644588e-01
9.248573365812444713e-01,2.721262294091884582e-01
7.825866993006188599e-01,7.109282337269501317e-01
8.536949573573342498e-01,3.193395558731051964e-01
9.264958342536097069e-01,2.859387132240336915e-01
9.458544242314066430e-01,3.535430435904859947e-01
8.143623540152911122e-01,-8.986721929448238111e-02
8.331421142241310918e-01,-2.203278354849040610e-02
8.776948468375463941e-01,1.898607186537035196e-01
8.075154957769048458e-01,7.592892773877063517e-01
8.503872878061087270e-01,3.715534996536796197e-01
8.517801738680421675e-01,1.766580705409620811e-01
7.850848721603328473e-01,2.572842926007348763e-01
8.568324985316687625e-01,1.310142895786761130e-01
8.589066629037720446e-01,3.919617313605429088e-01
8.270569056794923046e-01,4.388582233607216110e-01
7.859976836322926097e-01,-2.906252505775585096e-02
8.841107454270988875e-01,-2.161997558511082884e-01
7.752141814409299059e-01,2.830495249434916150e-01
8.935894320904391730e-01,9.033336366862440570e-02
8.217186191131662376e-01,4.345317709862994149e-01
7.881462193769082081e-01,1.910870004469201111e-03
7.742339271494773634e-01,2.597255498807393148e-01
8.016040818999836670e-01,5.190278460589866499e-02
7.882549387061957846e-01,1.424212207792778795e-01
7.873070148108081145e-01,5.313191402790261586e-01
8.811396477195582166e-01,1.980339740865313947e-01
8.371977610849951068e-01,1.904872978550296858e-01
8.236579147745485274e-01,6.142371762829681447e-01
7.975373531876248645e-01,4.178252707384328968e-01
7.901468759560039690e-01,5.050457830266559256e-01
8.753540640586644495e-01,2.088909782491090994e-01
9.143999208636299780e-01,4.832666152328579656e-01
7.592595597962414899e-01,8.835335596188579332e-01
9.363202732875400836e-01,3.373304092252452091e-01
8.192239232665258220e-01,5.118968875409511954e-01
9.149565268606616453e-01,2.482022722198621856e-01
8.614320758912589193e-01,4.085493568209265514e-02
7.925909393052918972e-01,6.635454727798568708e-01
8.257209039850111898e-01,4.433602170389856489e-01
8.718438269670656382e-01,2.693235129920830140e-01
8.966746297880803240e-01,-1.560839359323678288e-01
8.576363165155469481e-01,3.640404616220804801e-01
7.871997304447428956e-01,7.224302499302954761e-01
9.135429379829200780e-01,2.696971213432672321e-01
8.521426999911818623e-01,3.326870100157502397e-01
8.216773992368895385e-01,4.361200232447374758e-01
8.361393743907087339e-01,-3.531825748825030697e-02
8.939602274484893529e-01,1.469338178643901371e-01
8.570351882997399029e-01,3.938369680348101087e-01
8.270654778957275965e-01,5.690866699919023830e-01
8.384581263326351674e-01,4.470678009241236261e-01
8.577931947766350707e-01,2.003665878037172998e-01
7.386666950598247405e-01,-6.120183611474624280e-02
7.660914731172243641e-01,5.610808540232868902e-01
7.592209694181459856e-01,4.125905558197235506e-02
7.010464825645529308e-01,-5.115678458932391148e-01
6.648260296730332808e-01,4.176435797166415664e-01
7.693560874075111577e-01,5.765758768665723011e-01
7.257692288790832391e-01,-7.088072191692692536e-01
5.013442209256427917e-01,-4.914286083979175213e-01
5.520632727539851459e-01,-4.320206758475489406e-01
6.157182574294872701e-01,-3.146448135726130912e-01
4.761472557026592001e-01,-4.999839990961011393e-01
7.786082892158772140e-01,7.348386995870586080e-01
7.074102178448994360e-01,-1.507309198075000058e-02
4.113688615061109055e-01,-2.383521107691878305e-01
6.579294709927557827e-01,-6.064668383892101167e-01
6.034912146240194453e-01,5.093940818983327956e-01
4.795210140575023594e-01,6.311626467954517539e-01
7.447323911325633983e-01,-1.262720604670500846e-01
6.893420544188930688e-01,-5.428642815177318059e-01
5.041331157395396723e-01,-1.621603407705380362e-01
6.452376035891423944e-01,-3.077682484381852324e-01
6.939627583843211989e-01,-4.550144482509919097e-01
5.972880773758540984e-01,-3.620874757641835973e-01
4.371767311045603455e-01,-4.897473414236184208e-01
5.817465527976447559e-01,4.626707794980443045e-01
7.004282543107309689e-01,-3.769730711525011435e-02
7.144979891261901139e-01,6.776338122411006415e-01
7.080331243468616087e-01,-3.113650432807377189e-01
5.023716727114274638e-01,-2.624199618058078443e-01
6.641750792027965034e-01,-3.954852805313844311e-01
6.222491345114822270e-01,-2.634692610563167392e-01
5.388403689092087223e-01,-3.625878417676909327e-01
4.275101321625313089e-01,-1.257631211081718103e-01
5.850020690405374202e-01,-2.193622739608230843e-01
7.481698864768191459e-01,-4.233440175485506662e-01
5.710211853202933341e-01,6.346503016860376156e-02
7.994344451731203449e-01,-5.863591696809360432e-01
5.859650666595133117e-01,-4.365834121935465717e-01
6.517595570389626003e-01,-2.224311751171866580e-01
5.111970020980663998e-01,-2.258721604255040927e-01
6.690157089074780794e-01,-3.550108260060270693e-01
6.490277299615131446e-01,-9.565046779685507095e-02
4.396328682924877107e-01,-4.169597464032145928e-01
5.029623693140699014e-01,-6.313237904666005873e-01
6.713251374669992888e-01,-4.625419619596993770e-01
5.283622816695610069e-01,-1.617724253960575453e-01
6.864620509090401113e-01,-4.577627228096862178e-01
5.992979597461415286e-01,-4.939732783212674727e-01
7.678558293810282542e-01,3.731059751819523762e-01
7.225916263725672417e-01,1.079627187135540622e-01
7.891038856791332545e-01,7.453475058798787467e-01
7.055867485077992329e-01,1.673340819644636712e-01
7.963611766266075476e-01,1.634812937932536014e-01
5.486023570128891746e-01,-3.868714013085985393e-01
5.423552374769533557e-01,-4.576029266232297665e-01
7.188373941862513661e-01,3.098352364468799913e-01
8.250272394260566022e-01,-2.438119057227694508e-01
8.637591227097080049e-01,4.326675631017646295e-01
3.886249702199622846e-01,-1.367102951572563563e-01
7.825812514610749338e-01,-4.102120165203294588e-01
6.899012599500021770e-01,2.351302710140006080e-02
7.605681836577830035e-01,4.702058267811787817e-01
5.446650503942607191e-01,4.458365994396544241e-01
6.242602477347362067e-01,-4.096385824126119735e-01
7.103282596585227537e-01,-1.636702926876646980e-01
6.414625698285840727e-01,-7.970513935488204860e-01
4.717326436449694738e-01,-4.648123267873431608e-02
5.250111017547917647e-02,1.713082906252537049e-02
4.729252962692200302e-01,2.409662262667399135e-01
7.677193990133654999e-01,2.210759933257781806e-01
7.951484540344331275e-01,1.913733592662066052e-01
9.068725440378515579e-01,4.820020454578210489e-01
8.976656150861653805e-01,1.102913562842689488e-01
7.360725538764674170e-01,2.812418135982064915e-01
8.607198457208530273e-01,3.666174295898905200e-01
8.774096852560268056e-01,2.146978598290772700e-01
8.430636937043917145e-01,1.110765796401219779e-01
8.025445830182204032e-01,-3.440810088953806523e-02
7.700568352583292420e-01,4.211377729421987293e-01
8.937823668309209380e-01,4.067082898102551414e-01
8.913120318093874506e-01,2.164382586712419732e-01
8.833360227697913958e-01,-1.029431330895270655e-02
8.373497409640237032e-01,-5.155656008671474777e-02
8.632314601577572022e-01,4.391370495667892282e-01
7.214958017794854683e-01,5.519898145192689842e-01
7.453772514195171617e-01,3.333351264577973372e-01
7.606943589047274745e-01,9.326579326392697711e-02
6.896508934576032201e-01,-3.203079716636691998e-01
6.470500810568533545e-01,-2.617483322542915047e-01
6.781819882230337715e-01,1.824452812590811601e-01
7.493529806320979869e-01,2.983801292484175582e-02
5.666549606925450622e-01,-8.127035226077934382e-01
6.587535835732304390e-01,1.539449709116766651e-01
7.173807219727624807e-01,-2.566375322939439263e-01
6.595936040424816849e-01,4.058292980315378884e-01
6.820641060385804755e-01,-6.402990600375931818e-01
8.211460525251421672e-01,-7.638412466080575502e-02
7.449637444087393590e-01,-8.670753480069309793e-02
7.327901703119196197e-01,-2.220311970573292104e-01
7.936235022331289413e-01,5.225441183232460984e-01
8.332589118214794865e-01,3.855720949645601858e-01
8.304788823634623451e-01,2.558359691470068475e-01
7.732120235756658744e-01,2.296037054968204649e-01
5.777888117490664888e-01,3.656162680786377850e-01
7.224971295604866173e-01,1.088460786183133161e-01
6.542714523456059084e-01,2.775868231845328715e-01
7.606825410030791934e-01,5.633809951874617639e-01
7.836262076639958218e-01,3.608675104337231154e-01
6.461212064748721451e-01,6.914874981918694985e-01
8.671240049712269915e-01,4.869210569607986261e-01
7.687746207439695167e-01,5.247963192881740513e-01
5.619119993125059054e-01,2.269872706409933882e-01
7.744760662145351304e-01,6.681445240837193822e-01
8.361979367203320468e-01,4.031695484444775684e-02
8.541817014991953672e-01,3.211549856910459466e-01
8.627176163646201879e-01,7.891842388708554257e-01
8.669959270821004926e-01,1.844638587540897157e-01
7.669343260192855727e-01,3.760956622220983925e-01
7.991312924317121036e-01,5.029548220349941978e-01
9.179070354400018505e-01,-2.543062863931102799e-02
8.296168512647771331e-01,6.418837967022986701e-01
8.428326007456053981e-01,5.153540487884270549e-01
8.827626951501635899e-01,8.498076666684351022e-01
8.496674678802024205e-01,9.952602799536818326e-03
8.188082263909108871e-01,8.766864976286510291e-01
9.022527837641762805e-01,3.278292406004607029e-01
7.333257932612862184e-01,-2.670918968062253596e-01
8.912923020557619314e-01,9.991381748191940915e-02
7.908902385214888753e-01,-2.116270198026818927e-01
8.992277087671386449e-01,4.365705794190094524e-01
7.358844152148626971e-01,-2.716166387581134822e-01
8.838176751124051655e-01,3.342486968052097440e-01
7.441091130847888868e-01,8.334648581252870336e-01
5.992688150694672755e-01,-1.897962080931419326e-01
5.793425770642142147e-01,4.375258801693203692e-01
5.281412213345334505e-01,-3.011764158617332154e-01
4.512002851845262619e-01,1.838340344577916452e-01
3.903045642545159288e-01,-1.817556037883686360e-01
6.879457260660057916e-01,-1.370797804846263235e-01
6.971385854769723833e-01,7.658548442583681393e-01
5.888043775274437452e-01,-4.248270869280555972e-01
7.851180189776177931e-01,-1.702098700234251985e-02
6.339333402553407604e-01,-6.486227304124135562e-02
7.584629162753916409e-01,5.870838940104904369e-01
7.432709577670467693e-01,-2.196501179500231216e-01
3.388048396180561306e-01,5.117335486259289717e-02
5.496098753576493801e-01,-6.632835258549421020e-01
6.587467470793175739e-01,3.249833746529354889e-02
5.025240187150200599e-01,-3.443887914512510640e-01
4.172564173207558014e-01,-4.678131833842690823e-01
5.652066361149973295e-01,-7.539554030342212609e-01
5.918838454380374037e-01,-4.769803821285210632e-01
8.310710047274360024e-01,-2.965139132815688416e-01
6.904023286687174243e-01,-6.369939251351559584e-01
7.818475403128314349e-01,-2.484590301041101068e-01
4.348033949580371593e-01,-9.703957442063969596e-01
3.963568783592189559e-01,-4.816958566052548241e-01
6.692278466047764107e-01,-3.778607568010111661e-01
7.370832603857536691e-01,-1.510350909896314431e-01
7.908492403811615556e-01,1.536718059885851598e-02
7.738188587788071837e-01,-7.824030053750585800e-01
7.365042565970417732e-01,2.699721238252851818e-01
8.821389623731974439e-01,3.608196898586797929e-01
6.892081493564425898e-01,-3.153119625411330285e-01
7.091790648528886187e-01,-2.444150162827892492e-01
7.768135350849686427e-01,1.790477444650448724e-01
7.376806662675322590e-01,5.374844961610683591e-02
7.535206745520618421e-01,-2.162902159159868498e-01
5.928800720888471876e-01,-1.077378997128636967e-01
8.127779796353915565e-01,2.208842802002268513e-01
6.993356459933893765e-01,8.793442197665453375e-02
7.919366674513439452e-01,-2.125579500831187574e-01
6.492333095457512027e-01,6.368690167370875954e-02
8.176859457259839647e-01,2.110601952318009178e-01
5.338889727358185899e-01,3.238503160899919991e-02
8.539311280359372924e-01,9.676202697441832479e-02
6.937592888359519483e-01,5.225685118421460329e-01
8.363384623014300523e-01,4.868130867262137063e-01
8.004001720757263350e-01,-8.433285620399713634e-02
5.835430846979485775e-01,1.803659090430775602e-01
6.781782972268248777e-01,-1.052185609944982364e-01
8.101843614449036890e-01,1.900800603697915536e-01
7.383073523706613628e-01,-1.256144240190032457e-01
6.703854210101906075e-01,7.906974781055947643e-01
6.607212359361329668e-01,-1.733259563304909850e-02
5.777759355012681564e-01,-5.855371446828649962e-01
8.410802530588825654e-01,4.820881536331919626e-01
5.315039863222813521e-01,1.390455533341825312e-01
6.281719648589242366e-01,-9.692929132981977780e-01
7.012421024851398510e-01,-1.108008354687517738e-01
6.129639570180284158e-01,-1.468325975112321768e-01
6.691665770892901710e-01,-2.824258043440373012e-01
7.845235268226898873e-01,3.106410603702981690e-03
5.847138924231545243e-01,-8.723634978547918639e-02
6.024689589164256009e-01,-1.559313601223334123e-01
7.655835009665893365e-01,-7.684063178953130790e-02
6.017096898513624170e-01,-6.569933345811487246e-01
7.576475674386005110e-01,-5.012031920399662166e-01
8.259089068351205265e-01,8.849425902502866537e-02
6.377125551875137965e-01,-4.152515998837127964e-01
7.487453219609528920e-01,-3.167590358691056429e-01
7.357560507358580359e-01,4.622097243707432197e-03
5.230312338498898095e-01,-4.894316317526684612e-01
8.859613887259897291e-01,-2.340158801462164095e-01
8.297892047415066363e-01,4.531899056212479460e-02
6.359627456208316598e-01,2.178007220642065311e-01
6.900504586095946857e-01,-2.874774815629030922e-01
7.400424615110967608e-01,-7.761412093569167725e-01
7.398946837932894871e-01,-1.513639107154846931e-02
7.604473975608608827e-01,2.939091587912117665e-01
7.486470157954434601e-01,-6.800283891697248562e-01
4.413924226453707078e-01,3.362052512133877329e-03
7.446934528922730667e-01,2.594684779554473283e-02
9.034516904128339077e-01,2.762198719569766703e-01
7.946628520045567745e-01,-2.183960882039867601e-01
7.565070289965758477e-01,6.985966369266918830e-02
6.601155944993561953e-01,-8.649178535433259540e-01
6.678491328942354199e-01,-2.144467939774894749e-01
8.430534139438321528e-01,3.195694167894060911e-01
7.280206017224379877e-01,-2.108879830342954564e-01
6.922591987897731558e-01,-3.287728447122729714e-01
7.917893188312118413e-01,3.869088723878849612e-01
7.189596498525712143e-01,-3.330319954491808843e-01
6.993737336216488965e-01,-5.878278278587525385e-01
5.794887306680468475e-01,-5.859553932318625202e-01
6.336405808406632145e-01,3.338651995148502194e-01
3.618807389038241618e-01,-3.868158541948731877e-01
4.017242961401252810e-01,-5.448904476682882025e-01
5.449737057008191554e-01,-4.824636975005948680e-01
6.971520952376749625e-01,-4.025731309001801539e-01
7.804255529473594910e-01,-3.365945883155495588e-01
6.860477048629914920e-01,-5.373479999329622281e-01
6.567149233577506129e-01,-1.461192022677998137e-01
6.069675663836247015e-01,-2.925578230414498382e-01
6.543572360441806124e-01,5.392229794050215075e-01
5.740459037716766355e-01,3.252880730421419120e-01
6.453366228533533588e-01,-3.996870589377441996e-01
4.910130470220746002e-01,-8.597965414316205424e-01
7.097427736405729215e-01,4.171094572702860326e-01
5.348750899062598707e-01,-1.269602098533633150e-01
6.433168753593813127e-01,6.280344516528835186e-01
6.389859414310772312e-01,2.779569035165201374e-01
6.665892406402676995e-01,-8.069580637098231479e-01
5.368264466632727272e-01,-5.054872483133473482e-01
7.284260532608998195e-01,-2.933284013108682364e-01
2.624154583006754748e-01,1.510157316677047390e-01
7.982865701812577042e-01,6.662973369070131213e-02
5.451079973928064648e-01,-5.397969411045892008e-01
6.890346818177486288e-01,-9.498026388465154179e-02
7.390025572782502605e-01,-4.321720565611307796e-01
5.628834478102647809e-01,5.064433280081200861e-01
5.192163609979808525e-01,-5.472204735878404280e-01
2.364662994528233218e-03,2.507325293117100840e-01
6.618784095986799398e-01,-2.902402794221967119e-01
5.932059323686974528e-01,9.667496392656470261e-02
7.248192698897217845e-01,-1.953724487987171243e-01
2.914884841356075729e-01,-6.713605364953194599e-01
7.286072906881638778e-01,3.094990363961580004e-01
6.293613262926504026e-01,-4.460381075069308476e-01
5.488247185338276379e-01,-5.157054667011248816e-02
7.587052737545916248e-01,7.208060237827652594e-01
8.533446342651991312e-01,-3.579995329254789804e-02
7.255046566986828038e-01,-4.586836356438753759e-01
4.077692047816091070e-01,-7.569288536114060495e-01
5.979995711259425972e-01,-6.785967952112005319e-01
6.805532913013850882e-01,-4.225064235117366174e-01
5.304631879957574236e-01,5.841915978912369800e-01
6.151558262804029953e-01,3.038613474508886081e-01
6.464864115811261858e-01,-3.999147534892144584e-01
5.881813959608019893e-01,-1.752924581764925827e-01
5.520495478933453715e-01,-6.871201463851127622e-01
5.815185297272836840e-01,1.010862456631258233e-01
6.536903811870414804e-01,-2.362423455593226640e-01
7.652995515179313868e-01,1.310375796837020268e-01
8.063156003623813683e-01,-1.048729602988900805e-02
6.131584797254229224e-01,-3.681298961595203534e-01
6.190552220743464895e-01,-6.900358615686662533e-01
7.100033573356286931e-01,-5.954081305343125186e-01
6.313440673147105997e-01,-1.997161502077972606e-01
8.263953849073328861e-01,3.278649437066364358e-01
6.418480742570508157e-01,-3.205470641150909850e-01
7.854970704826532701e-01,3.578529189930382826e-01
5.523653487448733079e-01,4.181749809389704309e-01
6.953830930279493172e-01,-6.726226993024120304e-01
5.957185432683262949e-01,-1.696139296725313605e-01
5.176717721527674954e-01,-1.511743245149113624e-01
5.498470383100804160e-01,1.286500015751325943e-01
4.623581211549495085e-01,-6.729903978890673377e-01
6.140574515407483114e-01,-4.953043139139314821e-01
6.292715510962336722e-01,-6.572786618056468688e-01
6.359988852564969486e-01,1.190633554630729229e-01
6.012063772831244268e-01,6.251593975891939214e-02
5.580895299107516694e-01,2.240911676167962330e-01
6.661489853031020703e-01,-3.912524783189402777e-01
5.286681179935759367e-01,-3.272648983425274771e-01
5.256454059140975854e-01,-5.185396207109161937e-01
5.437491680502984925e-01,-5.904965211863604235e-01
5.855487925638206415e-01,-5.766657656565167267e-01
4.227194071782475193e-02,1.626245502402735577e-01
5.214857620100428193e-01,1.370344624653590526e-01
5.068156948200710499e-01,-1.887541414522162786e-01
6.586426742181548111e-01,-4.626032062310648230e-01
5.001851781087609528e-01,-3.728391141389924002e-01
7.934362482274472939e-01,4.250447479489850022e-01
8.291973792809379518e-01,3.774905341876575449e-01
8.195108709757562560e-01,6.718990736837518463e-02
5.147641253488867141e-01,4.155354394562684600e-02
3.333943056822584183e-01,-7.977236540308414448e-01
5.521225992220066825e-01,-5.510114773239933594e-01
5.486704533685738960e-01,-5.129926114062631770e-01
6.679506680728203305e-01,-3.032184520818362872e-01
6.492248581090426240e-01,1.083115790974129716e-01
6.724211893509469684e-01,9.859664627399844505e-02
7.687834300499472029e-01,-3.305733334782381960e-01
6.274772388812934754e-01,-2.156276380591427011e-01
8.415886074130513039e-01,3.430581347555575200e-01
6.882571170343141365e-01,5.778620603677977474e-01
5.998302406733692083e-01,-4.100367060131215324e-01
7.763001351848614062e-01,1.980388869325294676e-01
7.818537646704056820e-01,5.035961879233273875e-01
1.041614598593887803e-01,2.277364807756194487e-01
7.484798324015082827e-01,6.584844848955533347e-01
7.638373617167505403e-01,4.266251613041429636e-01
7.984765586051087993e-01,3.892292452970975147e-01
7.906817872738832742e-01,7.975794599171620591e-01
2.933908817874934516e-01,1.812879827599033489e-01
1.043382500535558338e-01,-7.976296622283302051e-02
6.919191221266446368e-01,-1.330351599551574948e-01
4.852821598618028420e-01,-1.907204978027320641e-01
5.804077232412122589e-01,5.102830003473952658e-01
4.302990457604095043e-01,-5.840750825420499837e-01
8.145217247713268938e-01,1.893984261378982847e-01
7.185757996438255635e-01,-2.721554044080207180e-01
6.629763516966034054e-01,8.831988483579913396e-01
6.454760250200751726e-01,-1.024299410631301699e+00
8.344520834063572368e-01,2.525531566791747728e-01
7.808588560257281319e-01,3.592110563623527320e-01
5.740100643999015428e-01,-7.034442548065797940e-01
6.857194015632035455e-01,-2.332927898345456830e-01
4.756586417054031179e-01,-5.017719260981099438e-01
7.173540299358255323e-01,2.403197854348165519e-01
5.580354191485464854e-01,-1.960036165637079053e-01
6.295413724171855518e-01,3.279480286480203066e-01
5.838483877886200268e-01,6.669330071879689958e-01
6.048147985618939071e-01,1.065553852598509349e-01
5.243119321283012946e-01,8.917518814976148345e-03
5.329009440878775816e-01,-2.587305767500243658e-01
6.966081789907641042e-01,-3.525289286085918072e-01
6.537490781496256842e-01,-1.393645691619092020e-01
5.547634470595216305e-01,-2.938770914353805441e-01
8.190311017185658571e-01,4.814636869953622944e-02
7.393879231006590391e-01,2.241012557837075703e-01
7.527395752671824924e-01,-1.701346659323934585e-01
4.021190819635583891e-01,-9.692347376075241550e-02
6.847075356326826068e-01,-1.624019428075658411e-02
8.280887137900764250e-01,-1.269020977127676905e-02
7.591556731839483874e-01,-4.043731719793067225e-02
7.562522993095551760e-01,1.829048083030604954e-01
3.899133578384129661e-01,-1.649832047163149462e-01
5.253633743116922217e-01,-2.941601804776543538e-01
5.563373278776976294e-01,-6.180226203050951383e-01
5.206317813032959041e-01,-1.751456487630594083e-01
3.806542222250812735e-01,-4.672880123798272556e-01
6.534731225082699435e-01,-4.794124782076964464e-01
8.918412231629923026e-01,3.118218109788985504e-01
2.491412916874332639e-01,-7.739618475938792042e-02
6.815291227964240806e-01,4.864299806058372706e-03
6.902245460702890467e-01,-2.887299330065765668e-01
8.744181732766080906e-01,-9.088295016951922212e-02
4.203110559930733903e-01,-4.201406229132145786e-01
8.203491597323810947e-01,6.071878132805449413e-01
7.026257108475778557e-01,2.297743517458559204e-01
7.953555854159641836e-01,7.250898431777642872e-02
6.792405967626931051e-01,-6.098081902470580129e-01
7.478358861207086150e-01,1.276956111171874408e-01
2.510329019064602707e-01,-2.321997256145844624e-01
4.369142836308676503e-01,-8.277728727732996949e-01
8.302125260062226397e-01,-2.108955451952805316e-01
4.349498683709797642e-01,-5.578015619115933577e-02
5.207030828591197036e-01,5.249560177723263527e-03
5.876500111854630060e-01,2.170084445274704232e-01
4.577370135677112928e-01,1.261320657150467872e-01
6.204908101416530819e-01,-5.165232793805484279e-01
7.932613873198203214e-01,3.740389635712839111e-01
6.475542160836710304e-01,-5.616514219340854597e-01
6.408320019950193291e-01,-4.163405099978086388e-01
6.267249160110479611e-01,-4.408101000777788214e-01
7.535224195585660256e-01,7.679256154971054738e-01
5.590079979588009618e-01,4.100675839278386525e-01
9.115957612992789949e-01,2.859006428829011237e-01
8.077715512778238516e-01,5.798117000379594543e-01
8.631758617890171736e-01,1.533472011543308422e-01
7.622566806018264973e-01,-6.352420289103341000e-01
7.141437371126532208e-01,-6.808539667473456625e-01
5.659137563309366570e-01,-7.702398842158597603e-01
7.140506172729281786e-01,2.664704480124683861e-01
5.937965426819776793e-01,-4.693803268581656085e-01
6.163853768408943390e-01,4.153265218352208965e-02
5.528015840244679957e-01,-6.306427670475285296e-01
4.543707769259764384e-01,-1.637813486198331503e-01
5.028318963576356992e-01,-7.317156731043586992e-01
5.187663880138254635e-01,4.001361141595784487e-01
5.378881894366696059e-01,-7.034055451904440703e-01
7.315790084628538414e-01,1.754865161768209558e-01
8.791421712913679576e-01,2.021273985181329391e-03
6.591385487108969432e-01,2.137191326130637170e-01
5.280361566582046917e-01,-2.146118562617323200e-01
8.299560311265694601e-01,-3.672813497475708178e-01
5.120775157821347845e-01,9.684097891463691599e-02
6.959025065532797871e-01,-6.471638356693303340e-01
7.897821439484098427e-01,-5.002104044028348601e-02
7.395998557712453181e-01,2.802161475727703646e-02
6.188958637048297406e-01,-9.039637604418206962e-01
8.663631815088820298e-01,1.021643974952643821e-02
6.736678785345010523e-01,-4.675890691213804296e-01
7.940647608034383520e-01,4.066013333421322207e-01
4.261986149612547181e-01,-1.982186601026817430e-01
6.882127484156024266e-01,-5.045893594153971068e-02
6.320446696562308508e-01,-1.919996991130209010e-02
5.730447829715731300e-01,-4.265671445475112677e-01
5.931916459470021330e-01,3.158818123057192673e-01
7.613253219809499317e-01,2.100610195802513347e-01
7.742410569588725755e-01,7.206852857495592291e-02
7.597271316730682678e-01,2.867632309235651489e-01
7.732283960078040197e-01,3.785409762155526603e-01
4.134606088115370670e-01,6.226294153682893767e-02
8.126737141135000897e-01,2.698163720154213574e-01
7.790615966136340553e-01,1.660146533304746388e-02
6.415167154106884428e-01,6.975826039139541024e-01
7.947777770826797150e-01,5.161632588949593980e-01
6.616399127307740491e-01,4.727184837446119503e-01
9.600645063253444578e-01,-7.543030052432747601e-02
6.976327683061082086e-01,2.812882849139435870e-01
7.728388735679936339e-01,3.295992401042427966e-01
8.381391474130541752e-01,-3.653804022132274287e-01
7.206830393973135962e-01,1.423133773821628201e-01
8.217788687964510119e-01,1.145287052691424945e-01
8.307949373393540560e-01,-2.424047819978704735e-02
7.095750276896364284e-01,4.120402373177840527e-01
7.725466339436485308e-01,4.378464563179958469e-01
6.975570560972086387e-01,3.011555358999807308e-01
6.434759588431572253e-01,-3.313967503483760541e-02
5.627460973471892780e-01,-5.429333212868175940e-01
6.882822874940908164e-01,9.161027054477746678e-02
4.198424123000740193e-01,-4.821385688510353151e-02
5.400760759391488586e-01,-4.080356813378891445e-01
5.380872410792664207e-01,-2.029168058566231392e-01
8.015368571857663937e-01,-1.196732226937672477e-01
7.219882223335087890e-01,3.831751916438782546e-01
3.623104764388027088e-01,-4.134456407283437773e-01
5.319822112140684123e-01,-2.622612967364121861e-01
4.935115366328593489e-01,-4.896564824865621279e-01
5.030886859279438683e-01,-6.270668982590229534e-01
6.074586586576491420e-01,2.655140549344663925e-01
5.971946442452944481e-01,-5.204498705662792268e-01
2.437690067266941873e-01,-7.126243242409296963e-02
4.850889611918387523e-01,-6.437837488958324528e-01
6.239742708252526970e-01,-4.495614933191332541e-01
5.862377594470127296e-01,-1.048549006059403405e-01
5.669144560106257336e-01,3.822589087386176754e-01
5.401152029922819953e-01,-2.153643805333741446e-01
7.425858944426815267e-01,-2.887250366210465380e-01
6.184980811244356058e-01,-2.786738953175574851e-01
7.498180112611710912e-01,-1.163958668975448585e-01
4.498446520180711672e-01,-8.031598212881261301e-01
4.512470072590500925e-01,3.958002789814866196e-01
5.424212604149546424e-01,4.039805439719962310e-01
5.782480500456430583e-01,-4.863920281938454715e-01
5.646539899286980857e-01,-1.504724804686129458e-01
4.405674460148360505e-01,-7.211237328407080205e-02
4.549336935980602958e-01,-2.766550568585753322e-01
5.028927839804667732e-01,2.382834865869006349e-02
7.129826907580204542e-01,-1.163584362689352447e-01
8.329757394744594645e-01,5.654271128325749629e-01
6.304857056279044025e-01,5.960534283488799073e-02
8.350282967176954063e-01,2.324917217292990501e-01
6.882991976696682945e-01,5.962913018244150321e-01
7.257082527526408366e-01,1.323945479974765471e-01
7.675333154717888240e-01,-1.187297935074597272e-01
7.384553558622510838e-01,3.294092747901039564e-01
7.706326755261790895e-01,1.645090897439375199e-01
4.786591922270656552e-01,-4.348706345168488197e-01
7.130648232683999277e-01,7.324497724519848929e-02
6.234979076284750121e-01,-2.151237800714270176e-01
6.752370223611692257e-01,-7.120241356029111124e-01
7.068672962160635898e-01,4.674297541358227170e-01
7.234960713824133416e-01,1.883640137045264340e-02
9.316561644159342404e-01,-1.566061957127712068e-01
8.359597374460512320e-01,1.169226299446635836e-01
7.793616327949864919e-01,6.745921369302403381e-01
7.748977914310103410e-01,1.818304768801514704e-01
5.418854447777838867e-01,-4.411851936830819554e-01
8.164339516545581210e-01,4.377819083141009648e-01
5.454048857512642234e-01,-4.520428258174944425e-01
3.432885709101436422e-01,-3.114323210921411400e-01
4.682210843119286592e-01,-5.639516472156809179e-01
6.872895989718866838e-01,-5.366479602828270190e-01
3.826553908033891727e-01,-4.047095593452662565e-01
3.963568462579916130e-01,-3.737076811027600365e-01
4.165416881274174310e-01,-2.858014908434283186e-01
4.926252119075149039e-01,-8.092808944154512574e-01
5.120939669893860291e-01,-7.056212193914128683e-01
4.641508333116954321e-01,-4.460843641587910469e-01
7.041618338763450113e-01,-4.697221023402715079e-01
5.362933596512451384e-01,-3.737483906906481357e-01
3.861459249114569947e-01,-1.758868746002607841e-01
6.672316401220671489e-01,-3.156386488818987424e-01
8.805710202703709299e-01,1.764210616421863290e-02
4.847788436499610998e-01,-5.820160418850121031e-01
6.661353997760202095e-01,-4.966870704020921456e-01
6.466727869538765328e-01,-6.479495437560878202e-01
4.824117181607646687e-01,-6.141478762910032030e-01
7.334981802729493294e-01,-5.087217928136934519e-01
7.208556706998796582e-01,6.238752487933511837e-02
7.130919062106536588e-01,-5.803251355169316561e-01
6.168091087759198787e-01,-6.457391014522273487e-01
6.779870365693754231e-01,3.930851194964246620e-02
4.730059779435857870e-01,-5.872420671050114782e-01
7.800594434862838655e-01,-1.524103304721594887e-01
6.683853138793395265e-01,-3.382841324769410019e-01
5.006497930148154918e-01,1.082416072284292236e-01
6.476123348221983766e-01,-5.698207852237486826e-01
4.886714442821233351e-01,1.725914290637390464e-02
5.874866863982655119e-01,-4.685303517159218334e-01
7.231790564410389699e-01,-1.218793452920205120e-02
4.987764556502812807e-01,1.772320857873478928e-01
6.982239573107411612e-01,-3.323946366211182890e-01
6.426142850767787573e-01,-2.315088639358553468e-01
6.758729132480918445e-01,1.645194909782118908e-01
6.098952278189988530e-01,-4.663496123288112249e-01
8.867725818321385844e-01,2.305077690618880792e-01
7.791919151502414431e-01,-1.944815186529887108e-01
8.752365925390586110e-01,1.319929979001827625e-01
7.844199150404692622e-01,2.568391375895658912e-01
6.671550535540916593e-01,-2.355789751757936343e-03
6.438469389858827441e-01,3.767230306205018309e-01
6.929511774741874408e-01,5.150351164809485738e-01
7.833365647217610528e-01,2.000764574948327712e-01
7.495809854654121862e-01,7.065596982167249296e-01
5.821168713911607506e-01,3.033614115968151226e-01
5.246271155972979106e-01,-3.789107214567361548e-01
7.926980639520574412e-01,2.703552821317506405e-01
6.773214426420037793e-01,-2.710878842439218839e-01
6.516202235419471522e-01,1.626927452121740003e-01
5.041442296803145817e-01,-1.803758514352324094e-01
6.263510289596518898e-01,6.063023445918430676e-01
5.861054742819182817e-01,-4.892911007939658719e-01
5.188528319392972099e-01,-1.376611354482583649e-01
6.732071882924172135e-01,3.675062807836393941e-01
5.993593716604000976e-01,1.276043456085966532e-01
5.771275834011744266e-01,8.199850994531013293e-02
4.764955270684173017e-01,2.435896756324029966e-01
8.064948799592114304e-01,3.614770555892255488e-01
6.984947740346131306e-01,5.347606176489881902e-01
7.268568688991794424e-01,-1.542595628276494657e-01
3.505633107550072403e-01,-1.802352484527413867e-01
4.359985022093549878e-01,-3.486160568206434496e-01
4.916574724426939214e-01,-3.425730491069499117e-01
5.281428257033979889e-01,-5.075291094079258380e-01
5.921348088403577403e-01,-2.674653860262528604e-01
4.874908969354529442e-01,-2.689354199819004032e-01
7.826016945517454415e-01,4.272643868470067940e-01
4.320668267344045521e-01,-4.420378718162683573e-01
5.143315275314706003e-01,-3.431091460583071684e-01
4.575777775644492840e-01,4.319046397326090081e-02
7.409173799556597606e-01,2.524673611262828743e-01
7.840310876091014514e-01,2.398429635315473540e-01
7.987656995704077723e-01,1.132292191802776737e-01
7.222266310965576031e-01,2.246358569470348898e-01
8.677435508271433839e-01,-7.968593664815545874e-03
5.073377889554852027e-01,-5.171018766557498036e-01
7.854750320461697521e-01,4.096904230389234458e-01
7.128155279364954966e-01,-6.607870277623609234e-02
6.574774756541026388e-01,-5.970929162102065479e-01
4.484787057258990961e-01,2.233146460578766257e-01
7.069068914863081421e-01,-2.623884732470572745e-01
6.417153707852266686e-01,2.034138470919976682e-01
6.573760250753604151e-01,4.816237642127939034e-01
6.494248190512238450e-01,1.813243729042446906e-01
7.842276216182417770e-01,1.157368273784809415e-01
6.471998886475903712e-01,-3.667071824322719609e-01
6.850468514978623746e-01,4.750334698871930272e-01
7.455413702379067864e-01,1.243083475027096096e-01
7.561056659244521638e-01,-2.514831639028513588e-01
7.688852927648842650e-01,1.890414528836557584e-01
7.062722016669691349e-01,-1.474808265873658597e-01
7.694674918540072017e-01,2.409955866641782241e-01
7.806070462297070023e-01,-2.751957895703251999e-01
6.617437918831143850e-01,-1.559149552422647855e-01
7.784133809467610465e-01,3.248625286937036338e-01
6.113721819389195122e-01,7.523283682596275390e-02
7.419118945631378859e-01,-1.151628430519423679e-01
7.962452221735172309e-01,1.705430363974134444e-01
7.092729178768043541e-01,2.551972310913603326e-01
7.630678628337145275e-01,7.945954615556073408e-01
6.198794383589291135e-01,1.707486433388938907e-01
5.244808669984946103e-01,5.287821808913871768e-01
7.694559295454262982e-01,2.913985356149173533e-01
4.437715814975953799e-01,3.209889276834010374e-01
8.649141749183612005e-01,3.939281680680578046e-01
5.975814445145555265e-01,9.235365852272220399e-02
5.965034968223389411e-01,-2.016466923816642998e-01
7.261464151045533555e-01,-3.422584553485857883e-01
7.080833249789985073e-01,-2.470346270619025453e-01
7.167314257728578664e-01,-3.038409351450760409e-01
8.377805995327147759e-01,-3.163419888828655768e-02
7.281359566103763337e-01,-1.826385804268418622e-01
6.037724351907595155e-01,-4.906551079634823287e-01
4.851983122576144503e-01,2.383338191757726765e-01
7.546646801428320561e-01,1.620636064792276010e-01
8.659719791801741007e-01,1.583107477605774638e-01
8.142840470817097609e-01,5.172632338109993677e-01
7.590781955244504386e-01,-3.143218179123290490e-01
5.758364348735228733e-01,-3.688252785895064223e-01
3.693125098403755580e-01,1.969336329592884238e-01
8.193666728493117501e-01,1.444197791831299538e-01
6.335522105157332939e-01,3.883345466809030588e-01
8.076916753377002545e-01,5.506539790875621954e-01
7.485946095221540642e-01,9.246634647310109090e-02
4.935841103764893600e-01,-2.456344830455581968e-03
6.036164286091103559e-01,-6.827007352844643995e-01
7.771298900882070981e-01,-9.719663910725917511e-02
6.650551063650407269e-01,1.813454307992092285e-01
7.020919536721805798e-01,8.113147688399009738e-02
3.095471635151001433e-01,1.290828025738646745e-01
6.396946212712275592e-01,-4.949023244539395017e-01
7.050679631343268472e-01,4.046688097220576541e-01
7.499209016943203521e-01,3.295324321711431276e-02
7.702674296860173575e-01,-4.702717671404036959e-01
6.808678644617249809e-01,7.925098630423921264e-02
2.821117331392895000e-01,-1.511451326487338598e-01
6.308617155269385934e-01,-2.235788899171707866e-01
5.659219462975219050e-01,-2.620518880103903658e-01
4.092543426649709049e-01,-4.151769300242832417e-01
7.744559129158825606e-01,-2.102171286960643481e-01
8.470845933568751374e-01,-1.253433314058445824e-01
7.398112824609159865e-01,-2.111916167545470624e-01
9.168131969917837631e-01,1.297005831664473953e-02
6.991265575548956113e-01,6.904032774188965105e-01
6.973211721912752070e-01,1.795786906741684841e-01
7.898241159212526785e-01,-1.056679970391366796e-01
6.986261180342950849e-01,1.388974283770057390e-02
7.756716773383306451e-01,3.030377573293679405e-01
7.023245168806746541e-01,2.074689133079079539e-01
7.575837060431728220e-01,-3.399136155018619432e-01
3.458751119323976164e-01,2.330951807286498756e-01
5.038483941151550294e-01,-4.201114585275791957e-01
4.548876446554245279e-01,-4.738299743970832423e-01
5.453402419711960158e-01,-5.341542569306887422e-01
5.251799265468564126e-01,-5.125909630886440332e-02
4.718756022231297420e-01,-9.638560129433758339e-02
5.367685427597957970e-01,-1.546037568379897975e-01
4.999869797707721109e-01,8.163180026745724127e-02
4.757845984754016100e-01,-5.926925566325034200e-01
6.979439437722601003e-01,4.475759482505641262e-01
7.221215117924743021e-01,8.205819400014042753e-01
5.848018899370985846e-01,-3.708436897052821979e-01
8.814969823794663872e-01,-9.436909020205010157e-02
6.655425187373376072e-01,-3.911704400578127072e-01
7.806374647088986096e-01,1.458196073728560693e-01
7.646993067465992500e-01,-3.604061480904113268e-01
8.509446116233088109e-01,2.233365665617574047e-01
8.666415558360430760e-01,7.163911815778442604e-02
7.835372002908338462e-01,2.505069653018914821e-01
6.527237607927400820e-01,1.977372285274794084e-01
8.259042307854704834e-01,-9.909059526380308014e-02
7.496320923351144083e-01,2.790683215497251068e-01
6.416591839582724832e-01,3.662646856284539343e-01
7.100568777828845102e-01,4.131676332417258957e-01
5.200675263732275067e-01,1.838963409423724771e-01
6.909694993616860570e-01,5.360981067196967098e-01
8.139831400229541325e-01,5.910328769464877618e-01
7.126219944086542579e-01,5.258969610423611662e-01
6.396758260858914635e-01,1.158211351125465194e-01
6.135116922110525062e-01,-1.936347844525231621e-01
5.518712316055942591e-01,1.582471691183129914e-01
5.931824428825842599e-01,1.879875950592770073e-02
5.343982204160592220e-01,-7.335672112813630408e-01
5.942310176261383914e-01,-5.912628483096780130e-01
6.720881519075607713e-01,3.832331920098935307e-01
5.730577591259508052e-01,2.571618316493914924e-01
3.821530742177570161e-01,9.936144423688833549e-02
4.417109358810630826e-01,1.572749199856635360e-01
4.251120841774834180e-01,-5.240017890949198731e-02
6.970668990555850542e-01,-1.248987801174262086e-01
5.973725078527436505e-01,-7.095332998983758799e-01
7.075600330642946023e-01,-5.555962505961446751e-02
6.092392833033940525e-01,-1.581118944718092889e-01
7.360905964320197947e-01,-8.360420319636817643e-01
7.676254856881007393e-01,-2.754979661187997309e-01
5.804001535377423249e-01,-2.437618607697919493e-01
7.243393409452679732e-01,2.758422556389063529e-01
6.279726803773115762e-01,-2.767983602391053122e-01
6.297980279038285500e-01,-4.097759728964286280e-02
7.065807702646981214e-01,2.238869249281205398e-01
4.231697338688674703e-01,-8.463704169805794097e-02
5.146567901859210314e-01,-6.894249092745055041e-01
4.645239881222809064e-01,-5.803070037634233680e-02
3.969110154066239349e-01,2.433026691036896394e-01
6.213226685516455294e-01,-2.017413387225215973e-02
5.948364790722533435e-01,-1.072551951681822852e-01
7.439451579625416811e-01,1.302190830386505405e-01
4.790851141531821678e-01,-1.945489649205034421e-01
3.700929313991089820e-01,2.949744561684183308e-01
3.029943921781866889e-01,-1.101892354102582267e-01
6.390661513618743905e-01,-5.493762993040975928e-01
5.910578828715635780e-01,4.098703513996848624e-02
4.784151247712929989e-01,-6.622720543373835644e-01
7.909614259049028151e-01,4.299286205806440164e-01
5.774624105961517762e-01,2.022587614670634526e-01
6.816785218385663647e-01,-1.374620374868421036e-01
5.236264726787139834e-01,1.144069862190262923e-02
5.731153956602260680e-01,-3.343030045174925635e-01
7.054740817527213048e-01,6.684748918066917289e-01
3.542585434397647060e-01,-4.214253806588494355e-01
4.433616745260333669e-01,-2.763073284452984002e-02
6.666289800499455298e-01,-8.551182042024875474e-02
6.788992706876481042e-01,-3.173085391547719181e-01
3.112220359089185595e-01,-4.267302906752337144e-01
8.306837129701937217e-01,-1.743315517772364154e-01
7.493165872419174089e-01,2.529561046801598878e-01
4.609722328519129664e-01,-2.233716300091272700e-01
3.849373116156067365e-01,-7.088216485139593737e-02
5.700927740264565280e-01,1.185596976321829088e-01
4.091411776535196498e-01,-1.414331376429262821e-01
3.645438726919862926e-01,1.386396603528209093e-01
5.525428639139033926e-01,-3.584561971235313282e-01
4.320049779283579583e-01,-6.895861233872400964e-02
5.851125550825096999e-01,-2.555480737353124643e-01
7.006104689775206618e-01,-3.962648622160285655e-02
6.680276363604014112e-01,3.579017049845489851e-02
6.397593126412800535e-01,2.547578526774635366e-01
7.188730407457017968e-01,-1.241685231005239948e-01
6.144691228689803664e-01,-1.874493012097642186e-01
6.874629996833232504e-01,4.527125724280828822e-01
7.492616541764089977e-01,-8.580016964534771529e-02
7.971510693446952622e-01,1.709036472281221519e-01
8.494213064673888924e-01,-5.450278120061998743e-01
4.407443123035472698e-01,-5.800786189549119731e-01
5.652494384212901624e-01,1.081385960815895303e-01
5.092323705087665742e-01,1.204698127037579641e-02
5.986318294210181135e-01,-2.664353363172356493e-01
3.700353331415083269e-01,-4.143077968310249215e-01
6.360940846347621358e-01,-4.709727969963112826e-01
5.078487035754465362e-01,-5.131338521171118217e-01
7.431964143567951764e-01,2.471866830422311725e-03
7.582218434572413068e-01,-2.555066604173922840e-01
6.367381960856641765e-01,-3.325810886481415651e-01
6.970731223862709491e-01,1.143828455039095082e-01
7.055209105736722774e-01,-1.932476776345341540e-01
6.567100439704591786e-01,-1.909249852498867972e-01
5.885032120976048109e-01,-3.600392845160260147e-01
6.180043927001450665e-01,-2.643619994381526395e-01
6.355505609066315342e-01,-2.933479874003486754e-01
8.211339589662167704e-01,7.537406855770846514e-02
2.733224382126048235e-01,-2.044393527896256058e-01
5.723580199294530102e-01,-3.814448400648584592e-01
4.790895304189703441e-01,-1.851556670451969810e-01
8.354047911885144340e-02,-4.806089981316108428e-01
4.548106872554521507e-01,-3.219451013082658131e-02
2.916977786756231872e-01,-3.133667368238853279e-01
6.647865579174558892e-01,1.427240479865569400e-01
4.481137384593777973e-01,1.165529000859834990e-02
5.441412543362904586e-01,8.342744986878823654e-02
6.291677983576174915e-01,8.140596003565735150e-02
5.407404055809570398e-01,-3.338302028946777411e-01
7.540140213499244570e-01,6.531349862492298319e-01
6.691657945377410543e-01,3.794728702447320301e-01
5.266278152062153772e-01,-1.756505826883296151e-01
7.560865984013765972e-01,-1.797130866189222964e-01
7.770035892523238230e-01,-4.682383916328163864e-01
5.624214081957190636e-01,1.204775849089537998e-01
2.478474515616405360e-01,3.014759104957993596e-01
5.494273702574828944e-01,-3.649993888110147910e-01
2.062411863471432794e-01,2.825372616646577018e-01
1.719417234632617669e-02,-6.261567499951310733e-02
-3.457970382087801470e-02,3.979037803418094578e-03
8.613058659211249302e-02,2.827859549410811080e-01
1.848568528914732723e-01,-1.265135235857351437e-01
5.893254045804217078e-01,-2.887161307767890928e-01
7.061284586019009879e-01,-4.030314934552053918e-02
8.300569750674453573e-01,2.105443140476801200e-01
4.841066466631707144e-01,-3.007668777180642992e-03
6.023563503657816121e-01,-3.180284008703406634e-02
6.316754187778577112e-01,-2.857751331471634626e-01
4.219953947034686403e-01,3.772595665631212070e-02
2.809378479507206317e-01,-7.764943439520619398e-03
3.034499574365986385e-01,-1.428539809167860171e-02
9.413173492719403845e-02,5.953900702164105496e-02
4.794557121761964802e-01,-1.246983266863094936e-01
5.187720469955083846e-01,-3.870189625441423594e-04
5.176070782662145486e-01,1.002444091231947665e-01
5.369945891617539102e-01,1.254875928238594618e-01
1.307831597570472681e-01,-1.755534749529181204e-01
6.968712150662470517e-01,-4.216463792753558787e-02
4.945608491024757747e-01,-1.248120943919679149e-01
6.307655100309226270e-01,-2.662016220925291204e-03
7.916693638013906631e-02,1.459457254626798650e-01
5.588167366188695473e-01,2.385882891433729891e-01
6.982044839173696671e-01,2.967323903957358455e-01
3.654628777976954845e-01,3.018673741088091500e-01
7.098991848368859658e-01,5.240284457466505286e-01
1.913587227738261787e-01,-1.546264986201068836e-01
6.966415148989894002e-01,-1.348110580949736237e-01
3.674178847350097477e-01,-3.876403192801122777e-01
4.802600436691732422e-01,-4.898575828661879128e-01
5.796793890210926170e-01,3.038170981605273768e-01
1.725124526809300729e-01,-1.431745537660872314e-01
7.792491612222535169e-02,-1.193742578264625626e-01
2.054168906414269857e-01,6.978847367249908784e-02
3.274094386084208663e-01,7.369333598965165056e-04
6.267423972232206986e-02,-1.623167094993878956e-01
8.014745722344717160e-01,1.171569543399759994e-01
4.334004727582539962e-01,7.964494252856768597e-02
6.184474283144434370e-01,2.170906198619489968e-01
5.361283582894499355e-01,8.537099755598384632e-02
1.542044135902133073e-01,1.824321632142572036e-01
3.280038462446248360e-02,2.256449205277225728e-02
3.410405403175698069e-01,-6.940350847873644202e-02
5.032056603900560976e-01,-3.535674198332972723e-02
6.743671581984908570e-02,-5.051233995588891856e-01
6.589995013197025298e-01,6.970949594284134646e-03
2.597366832719229524e-01,-2.441737908774007093e-01
5.904552059526450014e-01,-4.853547030296002096e-01
6.087733955531077212e-01,9.521588335566666395e-02
4.498381014783242038e-01,-6.610494789436750784e-02
4.847025995859947090e-01,-1.579032964017259080e-02
1.550654127321469677e-01,-4.242229226273924736e-01
2.756707324068832787e-01,3.490888111837704699e-02
6.068027499345589604e-01,6.195950798291586237e-01
4.522403784275865757e-01,1.393175780125936389e-02
2.055297772931726497e-01,6.376484405441300296e-02
3.354715774625972591e-01,-4.062308994511895296e-03
1.955319094246584233e-01,-4.454103606563786788e-01
-1.439203570279776537e-02,-1.646886664760348895e-01
8.628175406438406414e-01,5.364229604341929081e-01
7.739153152015254555e-01,1.569942515468577549e-01
6.788955799274860592e-01,-4.673735688735151245e-02
6.206928124047622619e-01,4.428918838357808196e-01
2.771765472469379099e-01,7.423438876494949101e-02
5.515594466893670722e-01,6.003820045491983226e-01
9.906433826403822362e-02,-4.096390308410228359e-02
9.425152482030499379e-02,-7.264900541145358215e-01
8.569840027854730424e-01,-2.016494772943671077e-01
3.971381060219312809e-01,-2.151593600492254510e-01
6.592329136436662074e-01,2.482235138543290032e-01
6.571403186444708666e-01,3.266466198808914423e-01
6.762240033825847041e-01,1.731064347469120357e-01
6.215853601324862199e-01,3.206501489563529650e-01
6.720054441410712176e-01,-1.390728387818395417e-01
5.257360859046511514e-01,-5.030692853065585335e-02
3.660591646984461267e-01,-6.120842899035183748e-01
3.857752822133255766e-01,-5.651747318169848544e-01
6.579416395398510753e-01,-1.283762860831263730e-01
6.162905803505596136e-01,2.081791660269281252e-01
3.153152994089957750e-01,-5.814306843060450536e-01
7.874373535371214095e-01,3.646347016965654775e-01
6.017758561044073140e-01,-5.574007929552672325e-01
3.651012418574989815e-01,-4.933972768288916733e-01
4.872552654015797069e-01,-5.501767909890143970e-01
4.053582794602150763e-01,-3.213217633876856438e-01
4.678002544585920242e-01,-1.915886868474667992e-01
5.580165478124194944e-01,-4.425058399001096654e-01
5.468670291806660977e-01,1.907795123028122319e-01
7.417452226174019447e-01,4.864387831791382455e-01
7.174819581328812923e-01,2.684818437918085610e-01
8.339677948738577484e-01,4.113759079099139071e-01
4.749391667367852121e-01,9.595161281872308101e-02
7.677751901847116311e-01,-4.235777301025563935e-01
6.656934540282325452e-01,6.162300030260926820e-02
5.288837113159405856e-01,3.731797780699296768e-02
5.788249316221792951e-01,5.132407603574538069e-01
6.869050059402417308e-01,5.201961106369087373e-01
7.291298143114226527e-01,4.251188402765371799e-01
6.001390886788209311e-01,-1.119161165181095825e-03
4.642202003525945919e-01,-3.840358435210047272e-01
2.010666377034177055e-01,2.652219833709008601e-01
6.026943965161785099e-01,-2.823476359572896777e-01
5.420014703964404212e-01,-9.448824089849099106e-02
5.639755678653980420e-01,6.828725176926337959e-01
3.536617569466272704e-01,5.051974974610585339e-02
4.686572643667062943e-01,-5.274777190770514324e-01
2.034721432279517350e-01,-2.024442092810832539e-01
4.234942029240901795e-01,-8.229680907102981946e-01
4.590860694878255432e-01,3.097280065858509235e-01
4.218403769432628181e-01,-6.505049143501200233e-03
7.096457548217515177e-01,-6.686656116650886890e-03
4.538997725589453691e-01,-3.874454191540869230e-01
2.685637002418886921e-01,6.437116461496925068e-02
7.060554757844080820e-01,-1.783828771186420428e-02
4.634410167238349199e-01,3.734196148344601784e-01
5.302960393425227847e-01,3.658154132940526909e-02
5.113193375575832977e-01,-5.376301279212891693e-02
6.120606005383009141e-01,-1.581995864674327346e-01
6.959800517212417770e-01,-1.765633485379593248e-02
5.931185294401634112e-01,-1.811506162258458008e-01
7.865828458391658229e-01,4.262384002293575502e-01
5.172269384801867487e-01,1.304002780509012915e-01
4.102857606664732648e-01,-1.150179338019244463e-01
6.867140869161306727e-01,-1.989485221445015661e-01
4.613094840038356459e-03,3.278069141542572229e-01
2.536826163775313669e-01,3.447714690205390675e-01
6.689435728032115946e-01,7.030915232160417361e-02
6.459168429060584415e-01,2.008355648495471213e-01
4.601792620349396401e-01,1.524866038592386508e-01
4.381567227060886860e-01,-1.367036806726247555e-01
5.880758894666706649e-01,2.985057485083370335e-02
6.936877078764617233e-01,-1.312692474434253576e-01
6.018159905266180498e-01,-1.612595603594208227e-01
5.286427373161693977e-01,-2.665537630307707184e-01
5.422860864943885861e-01,-2.116758293798168822e-01
6.508509352962404959e-01,1.723404202209699587e-01
5.323174933545304910e-01,-2.778594541705347032e-01
6.393623712164727690e-01,4.309168111163002579e-01
6.907642070577199034e-01,-5.295152778804937954e-01
4.285870570845701777e-01,2.098003748762781173e-01
7.522014573798213588e-01,3.252184503044699415e-01
9.294809341676290027e-01,3.029570567171475659e-01
6.657695026633825286e-01,-8.642473350543534993e-02
7.635684576394775602e-01,4.137621673768998587e-01
5.667789678763310857e-01,8.405148118310110106e-02
3.113394010636824083e-01,4.778582844971993593e-01
6.549060861370630260e-01,1.239009298521350638e-01
4.658207846242004013e-01,-1.148043807411346651e-01
7.157206484519486045e-01,2.608924817878233160e-01
3.603580286621521078e-01,2.998739643309968339e-01
4.532958405641283051e-01,3.418260530092290250e-01
7.550848450990224059e-01,-2.184064252661248040e-01
4.715418868155166754e-01,-5.741685903972936628e-02
3.287716632660815375e-01,1.790967649654437166e-01
6.668536642398350534e-01,9.472316857529469170e-01
7.177242250604395357e-01,4.256541931551016678e-01
5.430204450210308620e-01,6.952105417447938807e-02
4.877227320294878488e-01,-9.580444478301534950e-02
8.106741597202148375e-01,2.602856988075731293e-01
8.957904783881166511e-01,2.904558751299146646e-01
7.878276435094688779e-01,2.618654290357756431e-01
5.676230687114468543e-01,-8.081966822853009491e-01
6.020027553621514205e-01,-2.503681717210753943e-01
5.051300362692709989e-01,-3.909961786725369426e-01
5.630772749769595853e-01,-1.914117020119445733e-01
7.439275341898741178e-01,5.315641346659698285e-02
6.286358271434617784e-01,-2.690693440862333974e-01
6.383165495025010516e-01,2.361335297650681009e-01
3.372472424442183314e-01,1.021421991577712435e-01
3.202348966152318011e-01,-2.090610182491637603e-01
6.634190298126989571e-01,-2.491138977044868863e-01
5.667850080378279420e-01,1.725350560041633285e-01
4.986373522693341442e-01,-2.432584947746319892e-01
5.087224852988038171e-01,-1.425024782852502836e-01
5.913087781393617792e-01,3.777881764947503274e-01
7.095753679707409445e-01,-3.074425114821853766e-01
5.622205885911950585e-01,-3.870378299752722656e-02
6.348438487524468155e-01,1.422113246743456072e-01
7.060399271481260230e-02,1.211552276381984844e-01
4.377060495213052072e-01,2.137695450588842361e-01
6.244380181791233664e-01,-5.329305799437977081e-02
4.024104688212156167e-01,-6.791705416932396211e-02
5.557121059853792344e-01,-1.293629222332036977e-01
3.611523675025604674e-01,-8.502751696147942129e-02
5.484902124780146604e-01,-4.635738226381329319e-02
1.268310013809402226e-01,8.901211442753735603e-02
3.131905666193742898e-03,-2.146320015265738845e-02
6.501936857692679483e-01,8.003577927508288836e-02
4.916931980332762131e-01,-1.859841980014102225e-01
4.880510812236995566e-01,1.480680284073130071e-01
4.273434465680762684e-01,-7.031831282235062597e-02
6.612934522270648152e-01,1.531318535705452621e-01
7.712648757095253993e-01,5.388618941695216130e-02
6.363637139441467028e-01,3.690353770783201814e-01
2.086755016725254930e-01,-2.301415356762162301e-01
4.905361429407632534e-01,-7.187386318591190149e-01
6.119933429065859132e-01,9.154562393871029657e-02
5.415520795224668671e-01,1.042021969178278246e-01
7.787201455897139191e-01,3.840491177146206359e-01
4.874118530244694325e-01,-3.886341884245095302e-02
4.220733446832090063e-01,-7.582515859145669279e-02
3.678457028218046210e-01,-3.328965838247295306e-01
3.190540214579055123e-01,5.147405280630718005e-01
5.946399923823874056e-01,2.580361787159369258e-01
7.626732098788409075e-01,3.233880316418809020e-01
4.024623277975305502e-01,-2.256238865147376926e-01
6.176571074556320706e-01,1.260881541859590615e-01
5.807204911265385627e-01,1.094561656303646817e-02
7.843009188617185989e-01,-7.615406484739351001e-02
5.174690172253755271e-01,-1.936158362365050789e-01
6.641116301026398494e-01,-3.222880770199055278e-01
4.150596749209544134e-01,-5.165058589005142586e-01
8.043578985295980754e-02,-5.173853231162559574e-01
5.389317749056813378e-01,1.109654040968971328e-01
5.555535721888373857e-01,-1.099267403283699374e-01
4.915416976677630667e-01,4.825697513104966752e-01
7.977769449495651921e-01,5.619841595913560583e-01
5.834388086004744789e-01,1.344535012478790814e-01
4.966248369361664361e-01,6.695331022986751313e-01
5.273272781759865691e-01,-2.166982305355974470e-01
4.619537918062647797e-01,-8.432387646208766574e-02
5.653706015832902221e-01,3.902537690286684291e-01
4.331551825061958905e-01,-6.726576229167649003e-03
6.852962216230594761e-01,-2.605482973327922780e-01
3.789820543631132188e-01,4.673591895841858745e-01
5.369433212298834190e-01,-9.493849274124432913e-02
4.348406526378222337e-01,-1.008052584237791038e-01
7.046302457745589054e-01,6.027916626147624690e-01
4.740890080738474066e-01,6.235056182283817972e-01
7.768329970031319087e-01,9.746304123505694639e-02
5.545039285813379015e-01,-5.240534730121122753e-02
4.315160474097691767e-01,-6.410664802731358414e-02
5.891250223854475054e-01,-4.982805674584322442e-01
6.125385397714163682e-01,-2.278868404349783938e-01
5.420569943066783081e-01,-7.580640297256131810e-02
4.283659533023156385e-01,3.320703062243547665e-02
5.736617476220785550e-01,-1.597164245623914902e-01
3.294326789528618238e-01,2.447910288568334314e-01
1.340279938964385187e-01,-1.205472155466797285e-01
4.778247427625027521e-01,1.484708453557854746e-01
3.680277226136850072e-02,1.152141777308631210e-01
2.532340678232468667e-01,2.435002513942554625e-01
5.942469920387295490e-01,-3.674043279034740900e-02
4.001183896392483952e-01,5.319567650301522121e-01
4.855483327617845513e-01,1.428915633464588886e-01
6.616317502591886335e-01,-1.849852721110303022e-01
4.047432522949339084e-01,-5.581689381976199377e-02
5.986962632268935103e-01,3.525665811500692248e-01
3.451364323487354224e-01,-2.284502803588423780e-01
5.342844286006715598e-02,2.844724778617251093e-02
8.539693288803981153e-01,2.719650094707128374e-01
1.517525646699595665e-01,6.037058457477322698e-02
5.823916315523943732e-01,-3.463435967362401419e-02
2.572356819793826799e-01,-1.183877612403844148e-01
2.642703226383839588e-01,2.281225221836433517e-02
6.280556859888215826e-02,-1.325768005992602194e-01
-5.680748423413275322e-02,2.085567894681840742e-02
1.690189942537524970e-01,-2.111526038672648931e-01
4.652649269193805809e-02,1.757125779852268532e-01
6.562203619428877421e-02,-2.213166568787585942e-01
-5.337880955336106459e-02,6.834151588931082488e-02
2.083169359723248681e-01,1.700347389184120872e-01
2.007914369963752499e-01,-6.614688251871408964e-02
1.931471388587625848e-01,-1.438901402886062775e-01
-4.796823763093097798e-02,4.772392735462571700e-02
6.037900807347090781e-01,1.511486710857105897e-01
6.992509841658263448e-02,-3.622389819343744821e-01
6.119145825458805615e-02,9.446008596043657668e-02
1.588717408655265506e-01,2.175371538129535626e-02
-7.035907738253058263e-02,-1.312793623153873102e-01
4.303969150491873119e-01,4.318104407211781348e-01
1.024346822159092202e-01,1.116107787334034429e-01
1.139528146631974687e-01,-1.894019563798678973e-01
1.018517615960110173e-01,2.108365197605681363e-01
8.834083992209321168e-03,-1.003281899515140463e-01
1.465319519644164292e-01,-8.731178060980179789e-02
6.312006102401170049e-02,4.369111472536870051e-03
5.469848908245671382e-01,2.364766976328621095e-01
-1.613787256750695565e-01,-2.473709572951801952e-02
-2.352979334108943124e-02,8.353809675465624640e-02
4.183931456508593882e-01,-2.532423828832253698e-01
7.363206384284161077e-01,-6.505320991255297836e-01
2.164395116376858497e-01,-2.747671358751352932e-01
4.983654501666119896e-01,6.417446885527322564e-01
6.509151664128113302e-01,5.682059885861139303e-01
5.339322436642958136e-01,-8.081132090563293568e-02
7.528945978676493400e-01,-1.119106292191280327e-01
2.119965249893362991e-01,1.323517446531151109e-01
3.156307170311052901e-01,1.744123920985136411e-01
6.509988404552458086e-01,6.376160782341734334e-01
5.134910270488380890e-01,-2.014146221201809361e-01
5.987032095006548094e-01,2.037364110620654839e-02
7.519743963911075246e-01,-4.614744072366918637e-01
2.172782555737614862e-01,-9.425101301919674990e-02
5.820037465690454104e-01,5.915999943893578417e-01
3.927899494400069469e-01,-1.899640870903430423e-01
5.436083341342177189e-01,6.061556247926516150e-01
6.214512381918256834e-01,-5.605315549729859015e-01
2.802941762468355025e-01,-1.139260196715008028e-01
5.513951498938525209e-01,-1.018985745246784036e-01
4.235785984558687600e-01,-6.985985556404421259e-02
3.415052091713454141e-01,-8.270724799978174113e-02
4.205452465065586676e-01,4.168004643429340517e-02
5.705545438222769938e-01,-1.861351828364065097e-01
5.107694622912190008e-01,-3.464268461801043308e-01
4.218057998193981417e-01,8.163310921900033537e-04
4.211901570414099405e-01,5.217403872966754758e-02
6.908339660019073847e-01,1.558762834669309427e-01
5.804177101761964774e-01,2.499762414147732592e-02
2.975592168138407323e-01,2.825080453483450049e-01
1.230798833246729979e-01,3.317745040207469298e-01
4.424120834761705034e-01,1.794865344675839469e-01
6.087947570651709439e-01,-6.616449870328933169e-01
7.652172919607291846e-02,-2.058686927412934908e-01
4.334397903171010591e-01,2.520164522057130943e-02
7.594545293809705777e-01,1.662097248653102155e-01
9.558854760075312373e-02,2.120766234507384662e-01
3.137460076376668017e-01,-4.162869599621580319e-01
1.265509389019512654e-01,-2.176202523584620796e-01
3.747495177705867930e-01,1.710279777613110674e-01
6.408656595516935006e-01,2.363070684414908529e-01
7.489799180186184069e-01,6.664043296287810447e-01
2.474158986522257964e-01,7.710063484879781104e-02
5.416046771583802322e-01,3.288568236474718742e-01
3.896203705203252210e-01,2.353265103341826148e-01
4.573462398253899663e-01,-9.912856513425687133e-02
3.035336156789311679e-01,1.690500310845508003e-01
4.790776988643073997e-01,1.762928377031963423e-01
5.597307527478804223e-01,1.503903375444975432e-01
4.102709532267762027e-01,1.237647729346934844e-01
3.478573744305087923e-01,2.872789998303371672e-01
7.691080582664069354e-01,2.174116204293139454e-01
4.207836645016472255e-01,1.818229234161545527e-01
4.602491010110156266e-01,-1.802366492052063507e-01
7.267153564910399099e-01,3.409590985756617565e-01
8.075221782359760514e-01,-2.392603217237679880e-01
1.835688915027518242e-01,-2.904862084657047205e-01
5.807284437142834488e-01,-2.074349949214610578e-01
6.642466748385444930e-01,4.976394358971827914e-01
4.987952644205516095e-01,-9.941607846634450962e-02
2.308849450005951431e-01,2.229070986852385305e-01
3.254614926326180879e-01,6.921402993359783429e-02
4.533971837561300844e-01,4.009615927466131935e-01
6.591371076789940275e-01,-3.339209510196437108e-02
2.382377146294629433e-01,2.150461142431646100e-01
3.917101801117983118e-01,2.942599365935717470e-01
1.758016459981138202e-01,-8.162798606812726732e-02
2.832661740735900602e-01,-1.450597597210341073e-02
5.033614394199501518e-01,4.257660184034470774e-01
4.932307156948709248e-01,-9.494822304004305047e-02
6.276136991899998741e-01,3.438494293112909772e-01
9.030967379231159831e-02,4.039534538394533025e-01
2.629989038285127090e-01,4.328270312966839284e-01
1.378858426423907602e-01,3.778720843666441009e-01
3.382980653207151023e-01,-2.886693957895031248e-01
6.484839233123339264e-02,-2.841980346475762587e-01
7.553693871285260819e-01,-4.551675252163966956e-01
1.006343009251606802e-01,-2.951896431266100018e-01
2.161729484689785541e-01,-5.044725026782228561e-01
4.210563700716289381e-01,-1.001362226202804490e-01
3.600274714008284693e-01,-2.391260751762466497e-01
9.997062628495473335e-02,-1.395512150919247518e-01
1.916408910058291226e-01,-2.106315107747413762e-01
-4.303122154324610926e-02,-1.098333169753798050e-01
3.571451174887385616e-01,5.590574504320716676e-01
3.341429241599344624e-01,4.545586903218278296e-01
4.808479921533660995e-01,4.116179766223769243e-01
4.107830002840043848e-01,-2.455108561307677018e-01
2.362044028043699118e-01,1.203379929587806846e-01
3.894936798173955772e-01,4.832515053563971041e-01
-5.971391583723602292e-02,-2.068685652049334911e-01
2.967258847000792676e-01,-1.482572688188636689e-01
1.407864886339430244e-01,-9.836914480757781229e-03
3.950277328366853524e-01,-5.404896929186058657e-02
3.981998908599919118e-01,3.956055149412148753e-01
